id,value,unit,label,source,note
A 0.3 m ditch is first resolvable at 4.3 m from a 0.9 m mast,4.30 m,,Estimated,results/theory.json#ditch_detection,
A 0.3 m rock is resolvable at 22.0 m (1/R vs 1/R^2),22.0 m,,Estimated,results/theory.json#positive_detection,
Safe-speed envelope at our mast/design ditch (before 2 m/s platform cap),2.60 m/s,,Estimated,results/theory.json#envelope,
"Stopping distance from 2 m/s (a=1.5 m/s^2, T_r=0.6 s, B=0.5 m)",3.03 m,,Estimated,results/theory.json#stopping,
closed_loop_eval_tier0_FULL_arrived_short,4,runs,Simulated,results/closed_loop_eval.json#tier0.aggregate.FULL.all.arrived_short,"EVAL closed loop (pre-registered, docs/EVAL_PREREGISTRATION.md), sensor mode tier0, config FULL, n=60, seeds 0-59, split=eval; referee on GT; declared ARRIVED in its own pose estimate but ended outside the success radius"
closed_loop_eval_tier0_FULL_collision,7,count,Simulated,results/closed_loop_eval.json#tier0.aggregate.FULL.all.collisions,"EVAL closed loop (pre-registered, docs/EVAL_PREREGISTRATION.md), sensor mode tier0, config FULL, n=60, seeds 0-59, split=eval; referee on GT; collisions (referee, GT)"
closed_loop_eval_tier0_FULL_ditch,2,count,Simulated,results/closed_loop_eval.json#tier0.aggregate.FULL.all.ditch_entries,"EVAL closed loop (pre-registered, docs/EVAL_PREREGISTRATION.md), sensor mode tier0, config FULL, n=60, seeds 0-59, split=eval; referee on GT; ditch entries (referee, GT)"
closed_loop_eval_tier0_FULL_final_err_p50,2.00,m,Simulated,results/closed_loop_eval.json#tier0.aggregate.FULL.all.final_error_median_m,"EVAL closed loop (pre-registered, docs/EVAL_PREREGISTRATION.md), sensor mode tier0, config FULL, n=60, seeds 0-59, split=eval; referee on GT; median GT distance to B at episode end"
closed_loop_eval_tier0_FULL_mean_speed,1.29,m/s,Simulated,results/closed_loop_eval.json#tier0.aggregate.FULL.all.mean_speed_mps,"EVAL closed loop (pre-registered, docs/EVAL_PREREGISTRATION.md), sensor mode tier0, config FULL, n=60, seeds 0-59, split=eval; referee on GT; mean over runs of referee path length / episode time"
closed_loop_eval_tier0_FULL_n,60,runs,Simulated,results/closed_loop_eval.json#tier0.aggregate.FULL.all.n,"EVAL closed loop (pre-registered, docs/EVAL_PREREGISTRATION.md), sensor mode tier0, config FULL, n=60, seeds 0-59, split=eval; referee on GT; number of EVAL runs"
closed_loop_eval_tier0_FULL_oob,0,runs,Simulated,results/closed_loop_eval.json#tier0.aggregate.FULL.all.out_of_bounds,"EVAL closed loop (pre-registered, docs/EVAL_PREREGISTRATION.md), sensor mode tier0, config FULL, n=60, seeds 0-59, split=eval; referee on GT; runs ended out of bounds"
closed_loop_eval_tier0_FULL_success,33,runs,Simulated,results/closed_loop_eval.json#tier0.aggregate.FULL.all.n_success,"EVAL closed loop (pre-registered, docs/EVAL_PREREGISTRATION.md), sensor mode tier0, config FULL, n=60, seeds 0-59, split=eval; referee on GT; runs with the true goal within the mission success radius (referee)"
closed_loop_eval_tier0_FULL_success_rate,0.550,fraction,Simulated,results/closed_loop_eval.json#tier0.aggregate.FULL.all.success_rate,"EVAL closed loop (pre-registered, docs/EVAL_PREREGISTRATION.md), sensor mode tier0, config FULL, n=60, seeds 0-59, split=eval; referee on GT; success / n"
closed_loop_eval_tier0_FULL_water,9,count,Simulated,results/closed_loop_eval.json#tier0.aggregate.FULL.all.water_entries,"EVAL closed loop (pre-registered, docs/EVAL_PREREGISTRATION.md), sensor mode tier0, config FULL, n=60, seeds 0-59, split=eval; referee on GT; water entries (referee, GT)"
closed_loop_eval_tier0_TYPICAL_arrived_short,4,runs,Simulated,results/closed_loop_eval.json#tier0.aggregate.TYPICAL.all.arrived_short,"EVAL closed loop (pre-registered, docs/EVAL_PREREGISTRATION.md), sensor mode tier0, config TYPICAL, n=60, seeds 0-59, split=eval; referee on GT; declared ARRIVED in its own pose estimate but ended outside the success radius"
closed_loop_eval_tier0_TYPICAL_collision,5,count,Simulated,results/closed_loop_eval.json#tier0.aggregate.TYPICAL.all.collisions,"EVAL closed loop (pre-registered, docs/EVAL_PREREGISTRATION.md), sensor mode tier0, config TYPICAL, n=60, seeds 0-59, split=eval; referee on GT; collisions (referee, GT)"
closed_loop_eval_tier0_TYPICAL_ditch,2,count,Simulated,results/closed_loop_eval.json#tier0.aggregate.TYPICAL.all.ditch_entries,"EVAL closed loop (pre-registered, docs/EVAL_PREREGISTRATION.md), sensor mode tier0, config TYPICAL, n=60, seeds 0-59, split=eval; referee on GT; ditch entries (referee, GT)"
closed_loop_eval_tier0_TYPICAL_final_err_p50,2.00,m,Simulated,results/closed_loop_eval.json#tier0.aggregate.TYPICAL.all.final_error_median_m,"EVAL closed loop (pre-registered, docs/EVAL_PREREGISTRATION.md), sensor mode tier0, config TYPICAL, n=60, seeds 0-59, split=eval; referee on GT; median GT distance to B at episode end"
closed_loop_eval_tier0_TYPICAL_mean_speed,1.22,m/s,Simulated,results/closed_loop_eval.json#tier0.aggregate.TYPICAL.all.mean_speed_mps,"EVAL closed loop (pre-registered, docs/EVAL_PREREGISTRATION.md), sensor mode tier0, config TYPICAL, n=60, seeds 0-59, split=eval; referee on GT; mean over runs of referee path length / episode time"
closed_loop_eval_tier0_TYPICAL_n,60,runs,Simulated,results/closed_loop_eval.json#tier0.aggregate.TYPICAL.all.n,"EVAL closed loop (pre-registered, docs/EVAL_PREREGISTRATION.md), sensor mode tier0, config TYPICAL, n=60, seeds 0-59, split=eval; referee on GT; number of EVAL runs"
closed_loop_eval_tier0_TYPICAL_oob,7,runs,Simulated,results/closed_loop_eval.json#tier0.aggregate.TYPICAL.all.out_of_bounds,"EVAL closed loop (pre-registered, docs/EVAL_PREREGISTRATION.md), sensor mode tier0, config TYPICAL, n=60, seeds 0-59, split=eval; referee on GT; runs ended out of bounds"
closed_loop_eval_tier0_TYPICAL_success,31,runs,Simulated,results/closed_loop_eval.json#tier0.aggregate.TYPICAL.all.n_success,"EVAL closed loop (pre-registered, docs/EVAL_PREREGISTRATION.md), sensor mode tier0, config TYPICAL, n=60, seeds 0-59, split=eval; referee on GT; runs with the true goal within the mission success radius (referee)"
closed_loop_eval_tier0_TYPICAL_success_rate,0.517,fraction,Simulated,results/closed_loop_eval.json#tier0.aggregate.TYPICAL.all.success_rate,"EVAL closed loop (pre-registered, docs/EVAL_PREREGISTRATION.md), sensor mode tier0, config TYPICAL, n=60, seeds 0-59, split=eval; referee on GT; success / n"
closed_loop_eval_tier0_TYPICAL_water,10,count,Simulated,results/closed_loop_eval.json#tier0.aggregate.TYPICAL.all.water_entries,"EVAL closed loop (pre-registered, docs/EVAL_PREREGISTRATION.md), sensor mode tier0, config TYPICAL, n=60, seeds 0-59, split=eval; referee on GT; water entries (referee, GT)"
closed_loop_tier0_FULL_arrived_est,0.07,,Simulated,results/closed_loop_dev.json#tier0.aggregate.FULL.all.arrived_est_rate,"DEV seeds 100-129 (n=30), sensor mode tier0, referee on GT; share of runs that reached the goal in their own pose estimate"
closed_loop_tier0_FULL_arrived_short,1/30,,Simulated,results/closed_loop_dev.json#tier0.aggregate.FULL.all.arrived_short,"DEV seeds 100-129 (n=30), sensor mode tier0, referee on GT; declared ARRIVED in its own estimate but ended outside the success radius (odometry error)"
closed_loop_tier0_FULL_compute_p50_p95,58.5 / 81.4 ms,,Simulated,results/closed_loop_dev.json#tier0.aggregate.FULL.all.compute_ms_p50,"DEV seeds 100-129 (n=30), sensor mode tier0, referee on GT; autonomy wall time per 5 Hz tick on the shared 4-core laptop (other jobs running)"
closed_loop_tier0_FULL_ditch_collisions,0 ditch / 1 coll,,Simulated,results/closed_loop_dev.json#tier0.aggregate.FULL.all.ditch_entries,"DEV seeds 100-129 (n=30), sensor mode tier0, referee on GT"
closed_loop_tier0_FULL_drive_speed,1.30 m/s,,Simulated,results/closed_loop_dev.json#tier0.aggregate.FULL.all.drive_speed_mps,"DEV seeds 100-129 (n=30), sensor mode tier0, referee on GT; GT path / time until estimated arrival or episode end"
closed_loop_tier0_FULL_final_error_p50_p90,1.997 / 32.849 m,,Simulated,results/closed_loop_dev.json#tier0.aggregate.FULL.all.final_error_median_m,"DEV seeds 100-129 (n=30), sensor mode tier0, referee on GT; GT distance to B at episode end"
closed_loop_tier0_FULL_success,20/30,,Simulated,results/closed_loop_dev.json#tier0.aggregate.FULL.all.success_rate,"DEV seeds 100-129 (n=30), sensor mode tier0, referee on GT; success = true goal within the mission success radius"
closed_loop_tier0_TYPICAL_arrived_est,0.07,,Simulated,results/closed_loop_dev.json#tier0.aggregate.TYPICAL.all.arrived_est_rate,"DEV seeds 100-129 (n=30), sensor mode tier0, referee on GT; share of runs that reached the goal in their own pose estimate"
closed_loop_tier0_TYPICAL_arrived_short,1/30,,Simulated,results/closed_loop_dev.json#tier0.aggregate.TYPICAL.all.arrived_short,"DEV seeds 100-129 (n=30), sensor mode tier0, referee on GT; declared ARRIVED in its own estimate but ended outside the success radius (odometry error)"
closed_loop_tier0_TYPICAL_compute_p50_p95,51.3 / 71.0 ms,,Simulated,results/closed_loop_dev.json#tier0.aggregate.TYPICAL.all.compute_ms_p50,"DEV seeds 100-129 (n=30), sensor mode tier0, referee on GT; autonomy wall time per 5 Hz tick on the shared 4-core laptop (other jobs running)"
closed_loop_tier0_TYPICAL_ditch_collisions,0 ditch / 2 coll,,Simulated,results/closed_loop_dev.json#tier0.aggregate.TYPICAL.all.ditch_entries,"DEV seeds 100-129 (n=30), sensor mode tier0, referee on GT"
closed_loop_tier0_TYPICAL_drive_speed,1.25 m/s,,Simulated,results/closed_loop_dev.json#tier0.aggregate.TYPICAL.all.drive_speed_mps,"DEV seeds 100-129 (n=30), sensor mode tier0, referee on GT; GT path / time until estimated arrival or episode end"
closed_loop_tier0_TYPICAL_final_error_p50_p90,1.998 / 31.747 m,,Simulated,results/closed_loop_dev.json#tier0.aggregate.TYPICAL.all.final_error_median_m,"DEV seeds 100-129 (n=30), sensor mode tier0, referee on GT; GT distance to B at episode end"
closed_loop_tier0_TYPICAL_success,16/30,,Simulated,results/closed_loop_dev.json#tier0.aggregate.TYPICAL.all.success_rate,"DEV seeds 100-129 (n=30), sensor mode tier0, referee on GT; success = true goal within the mission success radius"
integrity_auroc_07to05,0.957,,Tested,results/integrity_07to05.json#meta.auroc_test,"trained on degraded KITTI 07, tested on degraded KITTI 05 (real images, synthetic degradations)"
integrity_auroc_silent_07to05,0.849,,Tested,results/integrity_07to05.json#meta.auroc_test_silent_only,silent failures only; just 6 positives
integrity_onboard_auroc_kitti_holdout,1.000,,Tested,results/integrity_sim.json#models.kitti_only.auroc_kitti_holdout,"onboard model on held-out degraded KITTI 07 (real images, synthetic degradations; see results/integrity.json for its silent-failure count)"
integrity_sim_auroc_dev,0.999,,Simulated,results/integrity_sim.json#models.kitti_only.auroc_dev_all,"per-frame AUROC of p_fail vs GT VO failure, all rendered DEV frames (14 failure frames, 8 silent; silent-only AUROC 0.998)"
integrity_sim_auroc_dev_holdout,0.996,,Simulated,results/integrity_sim.json#models.kitti_only.auroc_dev_F5_lighting_holdout,held-out DEV family F5_lighting (never used for fitting)
integrity_sim_auroc_synthetic_degradations,1.000,,Simulated,results/integrity_sim.json#models.kitti_only.dev_synthetic_degradations.auroc,"rendered DEV frames with synthetic degradation segments (flare, low light, blur, ...)"
integrity_sim_caution_false_per_min,0.00,/min,Simulated,results/integrity_sim.json#models.kitti_only.dev_all.caution_false_alarms_per_min,CAUTION onsets (q<=0.7) without VO failure in nominal DEV driving
integrity_sim_degraded_false_per_5min,0.00,/5 min,Simulated,results/integrity_sim.json#models.kitti_only.dev_all.degraded_false_alarms_per_5min,DEGRADED onsets without any VO failure in the preceding 1 s (false alarms)
integrity_sim_degraded_per_5min,0.35,/5 min,Simulated,results/integrity_sim.json#models.kitti_only.dev_all.degraded_onsets_per_5min,"DEGRADED onsets (q<=0.4, supervisor hysteresis) in nominal DEV driving, model 'kitti_only'"
integrity_sim_events_vo_fail_flagged,3/3,,Simulated,results/integrity_sim.json#models.kitti_only.dev_all,lighting / sudden-obstacle events in which VO actually failed that drove q to CAUTION or below
integrity_sim_nominal_minutes,14.3,min,Simulated,results/integrity_sim.json#models.kitti_only.dev_all.nominal_minutes,"nominal rendered DEV driving scored (22 drives, DEV seeds only)"
integrity_sim_synth_segments_flagged,8/8,,Simulated,results/integrity_sim.json#models.kitti_only.dev_synthetic_degradations,synthetic degradation segments with a VO failure that drove q to CAUTION or below
kitti00_drift_1000m_pct,2.14,%,Tested,results/kitti_vo_00.json#drift_1000m_pct,"KITTI 00 (frames 1101-4540, 2.91 km drive), camera-only stereo VO; mean end-point drift over 242 segments of 1000 m (= 21.4 m)"
kitti00_drift_100m_pct,1.44,%,Tested,results/kitti_vo_00.json#drift_100m_pct,"KITTI 00 (frames 1101-4540, 2.91 km drive), camera-only stereo VO; mean end-point drift over 334 segments of 100 m (= 1.4 m)"
kitti00_drift_500m_pct,2.51,%,Tested,results/kitti_vo_00.json#drift_500m_pct,"KITTI 00 (frames 1101-4540, 2.91 km drive), camera-only stereo VO; mean end-point drift over 298 segments of 500 m (= 12.6 m)"
kitti00_r_err_deg100m,0.81,deg/100 m,Tested,results/kitti_vo_00.json#r_err_deg_per_100m,"KITTI 00 (frames 1101-4540, 2.91 km drive), camera-only stereo VO; KITTI protocol"
kitti00_t_err_pct,2.11,%,Tested,results/kitti_vo_00.json#t_err_pct,"KITTI 00 (frames 1101-4540, 2.91 km drive), camera-only stereo VO; KITTI protocol, mean over 2402 segments of 100-800 m"
kitti05_drift_1000m_pct,1.52,%,Tested,results/kitti_vo_05.json#drift_1000m_pct,"KITTI 05, mean over 1000 m segments"
kitti05_drift_100m_pct,0.99,%,Tested,results/kitti_vo_05.json#drift_100m_pct,KITTI 05
kitti05_drift_500m_pct,1.84,%,Tested,results/kitti_vo_05.json#drift_500m_pct,KITTI 05
kitti05_r_err_deg100m,0.68,deg/100 m,Tested,results/kitti_vo_05.json#r_err_deg_per_100m,KITTI 05
kitti05_t_err_pct,1.53,%,Tested,results/kitti_vo_05.json#t_err_pct,"KITTI 05, camera-only stereo VO, KITTI protocol 100-800 m"
kitti07_drift_100m_pct,1.29,%,Tested,results/kitti_vo_07.json#drift_100m_pct,KITTI 07
kitti07_drift_500m_pct,2.70,%,Tested,results/kitti_vo_07.json#drift_500m_pct,KITTI 07
kitti07_r_err_deg100m,1.28,deg/100 m,Tested,results/kitti_vo_07.json#r_err_deg_per_100m,KITTI 07
kitti07_t_err_pct,2.05,%,Tested,results/kitti_vo_07.json#t_err_pct,"KITTI 07, camera-only stereo VO"
kitti07_t_err_pct_current_vo,2.037,%,Tested,results/kitti_vo_07_check.json#configs.photometric_w15_it10.t_err_pct,KITTI 07 with photometric normalisation + KLT 15 px/10 it (previous config 2.048 % in the same run)
kitti07_vo_p95_ms_prev_vs_current,210 -> 167,ms,Tested,results/kitti_vo_07_check.json#configs.*.vo_ms_p95_excl_sgbm,"full-res KITTI VO excl. SGBM, paired per frame on a loaded shared laptop (ratio is the result)"
kitti_pooled_r_err_deg100m,0.79,deg/100 m,Tested,results/kitti_summary.json#pooled.r_err_deg_per_100m,"KITTI 00 (frames 1101-4540) + 05 + 07, camera-only stereo VO; KITTI protocol pooled over 4525 segments of 100-800 m"
kitti_pooled_t_err_pct,1.87,%,Tested,results/kitti_summary.json#pooled.t_err_pct,"KITTI 00 (frames 1101-4540) + 05 + 07, camera-only stereo VO; KITTI protocol pooled over 4525 segments of 100-800 m"
link_packet_after_holdout_integration_frac_over_budget,0.0,fraction,Simulated,results/link_budget.json#groups.holdout_integration.after_frac_over_budget,codec v2; budget 600 B = 9.6 kbit/s at 2.0 Hz; replay of DEV telemetry.jsonl
link_packet_after_holdout_integration_p100_bytes,480.0,B,Simulated,results/link_budget.json#groups.holdout_integration.after_bytes.p100,codec v2; budget 600 B = 9.6 kbit/s at 2.0 Hz; replay of DEV telemetry.jsonl; n=440 packets
link_packet_after_holdout_integration_p50_bytes,339.0,B,Simulated,results/link_budget.json#groups.holdout_integration.after_bytes.p50,codec v2; budget 600 B = 9.6 kbit/s at 2.0 Hz; replay of DEV telemetry.jsonl; n=440 packets
link_packet_after_holdout_stereo_v2_nodyn_frac_over_budget,0.0,fraction,Simulated,results/link_budget.json#groups.holdout_stereo_v2_nodyn.after_frac_over_budget,codec v2; budget 600 B = 9.6 kbit/s at 2.0 Hz; replay of DEV telemetry.jsonl
link_packet_after_holdout_stereo_v2_nodyn_p100_bytes,480.0,B,Simulated,results/link_budget.json#groups.holdout_stereo_v2_nodyn.after_bytes.p100,codec v2; budget 600 B = 9.6 kbit/s at 2.0 Hz; replay of DEV telemetry.jsonl; n=168 packets
link_packet_after_holdout_stereo_v2_nodyn_p50_bytes,434.5,B,Simulated,results/link_budget.json#groups.holdout_stereo_v2_nodyn.after_bytes.p50,codec v2; budget 600 B = 9.6 kbit/s at 2.0 Hz; replay of DEV telemetry.jsonl; n=168 packets
link_packet_after_holdout_tier0_v3_nodyn_frac_over_budget,0.0,fraction,Simulated,results/link_budget.json#groups.holdout_tier0_v3_nodyn.after_frac_over_budget,codec v2; budget 600 B = 9.6 kbit/s at 2.0 Hz; replay of DEV telemetry.jsonl
link_packet_after_holdout_tier0_v3_nodyn_p100_bytes,480.0,B,Simulated,results/link_budget.json#groups.holdout_tier0_v3_nodyn.after_bytes.p100,codec v2; budget 600 B = 9.6 kbit/s at 2.0 Hz; replay of DEV telemetry.jsonl; n=2254 packets
link_packet_after_holdout_tier0_v3_nodyn_p50_bytes,425.0,B,Simulated,results/link_budget.json#groups.holdout_tier0_v3_nodyn.after_bytes.p50,codec v2; budget 600 B = 9.6 kbit/s at 2.0 Hz; replay of DEV telemetry.jsonl; n=2254 packets
link_packet_after_holdout_verify_tier0_frac_over_budget,0.0,fraction,Simulated,results/link_budget.json#groups.holdout_verify_tier0.after_frac_over_budget,codec v2; budget 600 B = 9.6 kbit/s at 2.0 Hz; replay of DEV telemetry.jsonl
link_packet_after_holdout_verify_tier0_p100_bytes,480.0,B,Simulated,results/link_budget.json#groups.holdout_verify_tier0.after_bytes.p100,codec v2; budget 600 B = 9.6 kbit/s at 2.0 Hz; replay of DEV telemetry.jsonl; n=4437 packets
link_packet_after_holdout_verify_tier0_p50_bytes,421.0,B,Simulated,results/link_budget.json#groups.holdout_verify_tier0.after_bytes.p50,codec v2; budget 600 B = 9.6 kbit/s at 2.0 Hz; replay of DEV telemetry.jsonl; n=4437 packets
link_packet_after_stereo_FULL_frac_over_budget,0.0,fraction,Simulated,results/link_budget.json#groups.stereo_FULL.after_frac_over_budget,codec v2; budget 600 B = 9.6 kbit/s at 2.0 Hz; replay of DEV telemetry.jsonl
link_packet_after_stereo_FULL_p100_bytes,480.0,B,Simulated,results/link_budget.json#groups.stereo_FULL.after_bytes.p100,codec v2; budget 600 B = 9.6 kbit/s at 2.0 Hz; replay of DEV telemetry.jsonl; n=124 packets
link_packet_after_stereo_FULL_p50_bytes,447.0,B,Simulated,results/link_budget.json#groups.stereo_FULL.after_bytes.p50,codec v2; budget 600 B = 9.6 kbit/s at 2.0 Hz; replay of DEV telemetry.jsonl; n=124 packets
link_packet_after_stereo_FULL_verify_frac_over_budget,0.0,fraction,Simulated,results/link_budget.json#groups.stereo_FULL_verify.after_frac_over_budget,codec v2; budget 600 B = 9.6 kbit/s at 2.0 Hz; replay of DEV telemetry.jsonl
link_packet_after_stereo_FULL_verify_p100_bytes,478.0,B,Simulated,results/link_budget.json#groups.stereo_FULL_verify.after_bytes.p100,codec v2; budget 600 B = 9.6 kbit/s at 2.0 Hz; replay of DEV telemetry.jsonl; n=122 packets
link_packet_after_stereo_FULL_verify_p50_bytes,443.5,B,Simulated,results/link_budget.json#groups.stereo_FULL_verify.after_bytes.p50,codec v2; budget 600 B = 9.6 kbit/s at 2.0 Hz; replay of DEV telemetry.jsonl; n=122 packets
link_packet_after_tier0_FULL_frac_over_budget,0.0,fraction,Simulated,results/link_budget.json#groups.tier0_FULL.after_frac_over_budget,codec v2; budget 600 B = 9.6 kbit/s at 2.0 Hz; replay of DEV telemetry.jsonl
link_packet_after_tier0_FULL_p100_bytes,480.0,B,Simulated,results/link_budget.json#groups.tier0_FULL.after_bytes.p100,codec v2; budget 600 B = 9.6 kbit/s at 2.0 Hz; replay of DEV telemetry.jsonl; n=2255 packets
link_packet_after_tier0_FULL_p50_bytes,427.0,B,Simulated,results/link_budget.json#groups.tier0_FULL.after_bytes.p50,codec v2; budget 600 B = 9.6 kbit/s at 2.0 Hz; replay of DEV telemetry.jsonl; n=2255 packets
link_packet_after_tier0_TYPICAL_frac_over_budget,0.0,fraction,Simulated,results/link_budget.json#groups.tier0_TYPICAL.after_frac_over_budget,codec v2; budget 600 B = 9.6 kbit/s at 2.0 Hz; replay of DEV telemetry.jsonl
link_packet_after_tier0_TYPICAL_p100_bytes,480.0,B,Simulated,results/link_budget.json#groups.tier0_TYPICAL.after_bytes.p100,codec v2; budget 600 B = 9.6 kbit/s at 2.0 Hz; replay of DEV telemetry.jsonl; n=2112 packets
link_packet_after_tier0_TYPICAL_p50_bytes,394.0,B,Simulated,results/link_budget.json#groups.tier0_TYPICAL.after_bytes.p50,codec v2; budget 600 B = 9.6 kbit/s at 2.0 Hz; replay of DEV telemetry.jsonl; n=2112 packets
link_packet_before_holdout_integration_p100_bytes,1361.0,B,Simulated,results/link_budget.json#groups.holdout_integration.before_bytes.p100,codec v2; budget 600 B = 9.6 kbit/s at 2.0 Hz; replay of DEV telemetry.jsonl; n=440 packets
link_packet_before_holdout_integration_p50_bytes,917.5,B,Simulated,results/link_budget.json#groups.holdout_integration.before_bytes.p50,codec v2; budget 600 B = 9.6 kbit/s at 2.0 Hz; replay of DEV telemetry.jsonl; n=440 packets
link_packet_before_holdout_stereo_v2_nodyn_p100_bytes,1662.0,B,Simulated,results/link_budget.json#groups.holdout_stereo_v2_nodyn.before_bytes.p100,codec v2; budget 600 B = 9.6 kbit/s at 2.0 Hz; replay of DEV telemetry.jsonl; n=168 packets
link_packet_before_holdout_stereo_v2_nodyn_p50_bytes,1518.0,B,Simulated,results/link_budget.json#groups.holdout_stereo_v2_nodyn.before_bytes.p50,codec v2; budget 600 B = 9.6 kbit/s at 2.0 Hz; replay of DEV telemetry.jsonl; n=168 packets
link_packet_before_holdout_tier0_v3_nodyn_p100_bytes,1513.0,B,Simulated,results/link_budget.json#groups.holdout_tier0_v3_nodyn.before_bytes.p100,codec v2; budget 600 B = 9.6 kbit/s at 2.0 Hz; replay of DEV telemetry.jsonl; n=2254 packets
link_packet_before_holdout_tier0_v3_nodyn_p50_bytes,1064.0,B,Simulated,results/link_budget.json#groups.holdout_tier0_v3_nodyn.before_bytes.p50,codec v2; budget 600 B = 9.6 kbit/s at 2.0 Hz; replay of DEV telemetry.jsonl; n=2254 packets
link_packet_before_holdout_verify_tier0_p100_bytes,1472.0,B,Simulated,results/link_budget.json#groups.holdout_verify_tier0.before_bytes.p100,codec v2; budget 600 B = 9.6 kbit/s at 2.0 Hz; replay of DEV telemetry.jsonl; n=4437 packets
link_packet_before_holdout_verify_tier0_p50_bytes,993.0,B,Simulated,results/link_budget.json#groups.holdout_verify_tier0.before_bytes.p50,codec v2; budget 600 B = 9.6 kbit/s at 2.0 Hz; replay of DEV telemetry.jsonl; n=4437 packets
link_packet_before_stereo_FULL_p100_bytes,1622.0,B,Simulated,results/link_budget.json#groups.stereo_FULL.before_bytes.p100,codec v2; budget 600 B = 9.6 kbit/s at 2.0 Hz; replay of DEV telemetry.jsonl; n=124 packets
link_packet_before_stereo_FULL_p50_bytes,1521.5,B,Simulated,results/link_budget.json#groups.stereo_FULL.before_bytes.p50,codec v2; budget 600 B = 9.6 kbit/s at 2.0 Hz; replay of DEV telemetry.jsonl; n=124 packets
link_packet_before_stereo_FULL_verify_p100_bytes,1637.0,B,Simulated,results/link_budget.json#groups.stereo_FULL_verify.before_bytes.p100,codec v2; budget 600 B = 9.6 kbit/s at 2.0 Hz; replay of DEV telemetry.jsonl; n=122 packets
link_packet_before_stereo_FULL_verify_p50_bytes,1494.5,B,Simulated,results/link_budget.json#groups.stereo_FULL_verify.before_bytes.p50,codec v2; budget 600 B = 9.6 kbit/s at 2.0 Hz; replay of DEV telemetry.jsonl; n=122 packets
link_packet_before_tier0_FULL_p100_bytes,1491.0,B,Simulated,results/link_budget.json#groups.tier0_FULL.before_bytes.p100,codec v2; budget 600 B = 9.6 kbit/s at 2.0 Hz; replay of DEV telemetry.jsonl; n=2255 packets
link_packet_before_tier0_FULL_p50_bytes,1094.0,B,Simulated,results/link_budget.json#groups.tier0_FULL.before_bytes.p50,codec v2; budget 600 B = 9.6 kbit/s at 2.0 Hz; replay of DEV telemetry.jsonl; n=2255 packets
link_packet_before_tier0_TYPICAL_p100_bytes,1281.0,B,Simulated,results/link_budget.json#groups.tier0_TYPICAL.before_bytes.p100,codec v2; budget 600 B = 9.6 kbit/s at 2.0 Hz; replay of DEV telemetry.jsonl; n=2112 packets
link_packet_before_tier0_TYPICAL_p50_bytes,875.0,B,Simulated,results/link_budget.json#groups.tier0_TYPICAL.before_bytes.p50,codec v2; budget 600 B = 9.6 kbit/s at 2.0 Hz; replay of DEV telemetry.jsonl; n=2112 packets
link_packet_budget_bytes,600,B,Proposed,metagross/autonomy/link/codec.py#PACKET_BUDGET_B,9.6 kbit/s / 8 / 2 Hz
localizer_hz_640,31.5,Hz,Tested,results/localizer_timing.json#hz_localizer_only,"Localizer.update at 640 px with shared disparity, i5-1135G7"
localizer_p95_ms_sim_paired,171.1 -> 124.0,ms,Simulated,results/vo_sim_dev.json#localizer_timing_paired,"stereo-mode Localizer.update p95, previous vs current VO config, paired on the same rendered DEV frames on a loaded shared laptop (ratio is the result)"
perc_dev_stereo_F1_offhazard_ditch_cand_pct_after,5.83,,Simulated,results/perception_dev.json#after.stereo.pooled_F1.cand_rate_off,"DEV F1 trail frames (stereo), share of observed cells >0.5 m from any GT hazard labelled DITCH_CANDIDATE, after the perception fix"
perc_dev_stereo_F1_offhazard_ditch_cand_pct_before,23.61,,Simulated,results/perception_dev.json#before.stereo.pooled_F1.cand_rate_off,"DEV F1 trail frames (stereo), share of observed cells >0.5 m from any GT hazard labelled DITCH_CANDIDATE, before the perception fix"
perc_dev_stereo_F1_offhazard_lethal_pct_after,12.68,,Simulated,results/perception_dev.json#after.stereo.pooled_F1.lethal_rate_off,"DEV F1 (stereo), off-hazard observed cells labelled POSITIVE/DEPRESSION/DITCH_CANDIDATE, after"
perc_dev_stereo_F1_offhazard_lethal_pct_before,30.14,,Simulated,results/perception_dev.json#before.stereo.pooled_F1.lethal_rate_off,"DEV F1 (stereo), off-hazard observed cells labelled POSITIVE/DEPRESSION/DITCH_CANDIDATE, before"
perc_dev_stereo_certified_hazard_cells_in_envelope_after,0,,Simulated,results/perception_dev.json#after.stereo.pooled.certified_hazard_in_envelope.cells,"GT lethal cells in the path corridor within the 2 m/s stopping envelope certified as ground, summed over 85 DEV frames (stereo), of 487, after"
perc_dev_stereo_certified_hazard_cells_in_envelope_before,18,,Simulated,results/perception_dev.json#before.stereo.pooled.certified_hazard_in_envelope.cells,"GT lethal cells in the path corridor within the 2 m/s stopping envelope certified as ground, summed over 85 DEV frames (stereo), of 487, before"
perc_dev_stereo_ditch103_r_stable_m_after,4.65,,Simulated,results/perception_dev.json#after.stereo.sequences[seed=103].detection.r_stable_m,DEV seed 103 ditch w=0.838 m (stereo): farthest camera->near-lip range from which every nearer frame has >=50 % of path cells flagged; theory r_det 7.03 m; after
perc_dev_stereo_ditch103_r_stable_m_before,5.25,,Simulated,results/perception_dev.json#before.stereo.sequences[seed=103].detection.r_stable_m,DEV seed 103 ditch w=0.838 m (stereo): farthest camera->near-lip range from which every nearer frame has >=50 % of path cells flagged; theory r_det 7.03 m; before
perc_dev_stereo_ditch_path_cells_certified_pct_after,0.0,,Simulated,results/perception_dev.json#after.stereo.pooled.ditch_path_certified,"GT ditch cells on the path corridor certified as ground (any range), summed over DEV approach frames (stereo), 0 of 2244; after"
perc_dev_stereo_ditch_path_cells_certified_pct_before,31.51,,Simulated,results/perception_dev.json#before.stereo.pooled.ditch_path_certified,"GT ditch cells on the path corridor certified as ground (any range), summed over DEV approach frames (stereo), 707 of 2244; before"
perc_dev_stereo_perception_p50_ms_after,81.0,,Simulated,results/perception_dev.json#timing_ab_stereo.after.p50_ms,"as above, median; after"
perc_dev_stereo_perception_p50_ms_before,78.7,,Simulated,results/perception_dev.json#timing_ab_stereo.before.p50_ms,"as above, median; before"
perc_dev_stereo_perception_p95_ms_after,107.7,,Simulated,results/perception_dev.json#timing_ab_stereo.after.p95_ms,"interleaved A/B, Perception.process wall clock incl. SGBM + segmenter at 1/3 rate, 85 DEV stereo frames, shared loaded laptop; after"
perc_dev_stereo_perception_p95_ms_before,111.4,,Simulated,results/perception_dev.json#timing_ab_stereo.before.p95_ms,"interleaved A/B, Perception.process wall clock incl. SGBM + segmenter at 1/3 rate, 85 DEV stereo frames, shared loaded laptop; before"
perc_dev_tier0_F1_offhazard_ditch_cand_pct_after,0.13,,Simulated,results/perception_dev.json#after.tier0.pooled_F1.cand_rate_off,"DEV F1 trail frames (tier0), share of observed cells >0.5 m from any GT hazard labelled DITCH_CANDIDATE, after the perception fix"
perc_dev_tier0_F1_offhazard_ditch_cand_pct_before,23.18,,Simulated,results/perception_dev.json#before.tier0.pooled_F1.cand_rate_off,"DEV F1 trail frames (tier0), share of observed cells >0.5 m from any GT hazard labelled DITCH_CANDIDATE, before the perception fix"
perc_dev_tier0_F1_offhazard_lethal_pct_after,1.16,,Simulated,results/perception_dev.json#after.tier0.pooled_F1.lethal_rate_off,"DEV F1 (tier0), off-hazard observed cells labelled POSITIVE/DEPRESSION/DITCH_CANDIDATE, after"
perc_dev_tier0_F1_offhazard_lethal_pct_before,24.18,,Simulated,results/perception_dev.json#before.tier0.pooled_F1.lethal_rate_off,"DEV F1 (tier0), off-hazard observed cells labelled POSITIVE/DEPRESSION/DITCH_CANDIDATE, before"
perc_dev_tier0_certified_hazard_cells_in_envelope_after,25,,Simulated,results/perception_dev.json#after.tier0.pooled.certified_hazard_in_envelope.cells,"GT lethal cells in the path corridor within the 2 m/s stopping envelope certified as ground, summed over 382 DEV frames (tier0), of 2846, after"
perc_dev_tier0_certified_hazard_cells_in_envelope_before,195,,Simulated,results/perception_dev.json#before.tier0.pooled.certified_hazard_in_envelope.cells,"GT lethal cells in the path corridor within the 2 m/s stopping envelope certified as ground, summed over 382 DEV frames (tier0), of 2846, before"
perc_dev_tier0_ditch103_r_stable_m_after,6.65,,Simulated,results/perception_dev.json#after.tier0.sequences[seed=103].detection.r_stable_m,DEV seed 103 ditch w=0.838 m (tier0): farthest camera->near-lip range from which every nearer frame has >=50 % of path cells flagged; theory r_det 7.03 m; after
perc_dev_tier0_ditch103_r_stable_m_before,6.25,,Simulated,results/perception_dev.json#before.tier0.sequences[seed=103].detection.r_stable_m,DEV seed 103 ditch w=0.838 m (tier0): farthest camera->near-lip range from which every nearer frame has >=50 % of path cells flagged; theory r_det 7.03 m; before
perc_dev_tier0_ditch109_r_stable_m_after,6.85,,Simulated,results/perception_dev.json#after.tier0.sequences[seed=109].detection.r_stable_m,DEV seed 109 ditch w=1.036 m (tier0): farthest camera->near-lip range from which every nearer frame has >=50 % of path cells flagged; theory r_det 7.77 m; after
perc_dev_tier0_ditch109_r_stable_m_before,8.85,,Simulated,results/perception_dev.json#before.tier0.sequences[seed=109].detection.r_stable_m,DEV seed 109 ditch w=1.036 m (tier0): farthest camera->near-lip range from which every nearer frame has >=50 % of path cells flagged; theory r_det 7.77 m; before
perc_dev_tier0_ditch110_r_stable_m_after,2.75,,Simulated,results/perception_dev.json#after.tier0.sequences[seed=110].detection.r_stable_m,DEV seed 110 ditch w=0.823 m (tier0): farthest camera->near-lip range from which every nearer frame has >=50 % of path cells flagged; theory r_det 6.98 m; after
perc_dev_tier0_ditch110_r_stable_m_before,2.95,,Simulated,results/perception_dev.json#before.tier0.sequences[seed=110].detection.r_stable_m,DEV seed 110 ditch w=0.823 m (tier0): farthest camera->near-lip range from which every nearer frame has >=50 % of path cells flagged; theory r_det 6.98 m; before
perc_dev_tier0_ditch115_r_stable_m_after,5.95,,Simulated,results/perception_dev.json#after.tier0.sequences[seed=115].detection.r_stable_m,DEV seed 115 ditch w=0.662 m (tier0): farthest camera->near-lip range from which every nearer frame has >=50 % of path cells flagged; theory r_det 6.29 m; after
perc_dev_tier0_ditch115_r_stable_m_before,7.35,,Simulated,results/perception_dev.json#before.tier0.sequences[seed=115].detection.r_stable_m,DEV seed 115 ditch w=0.662 m (tier0): farthest camera->near-lip range from which every nearer frame has >=50 % of path cells flagged; theory r_det 6.29 m; before
perc_dev_tier0_ditch_path_cells_certified_pct_after,0.88,,Simulated,results/perception_dev.json#after.tier0.pooled.ditch_path_certified,"GT ditch cells on the path corridor certified as ground (any range), summed over DEV approach frames (tier0), 94 of 10712; after"
perc_dev_tier0_ditch_path_cells_certified_pct_before,10.6,,Simulated,results/perception_dev.json#before.tier0.pooled.ditch_path_certified,"GT ditch cells on the path corridor certified as ground (any range), summed over DEV approach frames (tier0), 1136 of 10712; before"
renderer_ms_js_side,31.6,ms,Simulated,results/renderer_bench.json#stereo_ms_js_side.mean,"browser-side render+readback per stereo pair, Iris Xe"
renderer_sgbm_median_err_px,0.22,px,Simulated,results/renderer_bench.json#sgbm.median_abs_disp_err_px,"rendered stereo, SGBM vs GT disparity on ground"
renderer_sgbm_valid_ground,0.998,,Simulated,results/renderer_bench.json#sgbm.valid_ground_fraction,"rendered stereo, SGBM valid disparity on ground within 10 m"
seg_cpu_latency_threads_2_ms,63.49,,Tested,results/seg_cpu.json,"LR-ASPP CPU-trained on RUGD-5L (robust aug, repeat sampling), best @ iter 2500/2750 PARTIAL; Segmenter.__call__ median on this laptop; shared laptop CPU (other jobs may be running): compare latencies only within one measurement session, e.g. seg_eval --latency-only on both models back to back"
seg_cpu_latency_threads_4_ms,84.91,,Tested,results/seg_cpu.json,"LR-ASPP CPU-trained on RUGD-5L (robust aug, repeat sampling), best @ iter 2500/2750 PARTIAL; Segmenter.__call__ median on this laptop; shared laptop CPU (other jobs may be running): compare latencies only within one measurement session, e.g. seg_eval --latency-only on both models back to back"
seg_cpu_test_false_hazard_rate,0.046,fraction,Tested,results/seg_cpu.json,"LR-ASPP CPU-trained on RUGD-5L (robust aug, repeat sampling), best @ iter 2500/2750 PARTIAL; RUGD-5L test (n=733), label resolution"
seg_cpu_test_false_safe_obstacle,0.0265,fraction,Tested,results/seg_cpu.json,"LR-ASPP CPU-trained on RUGD-5L (robust aug, repeat sampling), best @ iter 2500/2750 PARTIAL; RUGD-5L test (n=733), label resolution"
seg_cpu_test_false_safe_rate,0.0266,,Tested,results/seg_cpu.json,"LR-ASPP CPU-trained on RUGD-5L (robust aug, repeat sampling), best @ iter 2500/2750 PARTIAL"
seg_cpu_test_false_safe_rate_delta_vs_smoke,-0.0168,fraction,Tested,results/seg_cpu.json,"LR-ASPP CPU-trained on RUGD-5L (robust aug, repeat sampling), best @ iter 2500/2750 PARTIAL; RUGD-5L test (n=733), label resolution; ours minus SMOKE LR-ASPP (300 CPU iters, 800 RUGD-5L imgs) on the same 733 images"
seg_cpu_test_false_safe_rate_delta_vs_zeroshot,0.0003,fraction,Tested,results/seg_cpu.json,"LR-ASPP CPU-trained on RUGD-5L (robust aug, repeat sampling), best @ iter 2500/2750 PARTIAL; RUGD-5L test (n=733), label resolution; ours minus Zero-shot SegFormer-B0 (ADE20K -> 5 classes) on the same 733 images"
seg_cpu_test_false_safe_water,0.1428,fraction,Tested,results/seg_cpu.json,"LR-ASPP CPU-trained on RUGD-5L (robust aug, repeat sampling), best @ iter 2500/2750 PARTIAL; RUGD-5L test (n=733), label resolution"
seg_cpu_test_false_safe_water_delta_vs_smoke,-0.7567,fraction,Tested,results/seg_cpu.json,"LR-ASPP CPU-trained on RUGD-5L (robust aug, repeat sampling), best @ iter 2500/2750 PARTIAL; RUGD-5L test (n=733), label resolution; ours minus SMOKE LR-ASPP (300 CPU iters, 800 RUGD-5L imgs) on the same 733 images"
seg_cpu_test_false_safe_water_delta_vs_zeroshot,-0.6469,fraction,Tested,results/seg_cpu.json,"LR-ASPP CPU-trained on RUGD-5L (robust aug, repeat sampling), best @ iter 2500/2750 PARTIAL; RUGD-5L test (n=733), label resolution; ours minus Zero-shot SegFormer-B0 (ADE20K -> 5 classes) on the same 733 images"
seg_cpu_test_hazard_to_stable_rate,0.0048,fraction,Tested,results/seg_cpu.json,"LR-ASPP CPU-trained on RUGD-5L (robust aug, repeat sampling), best @ iter 2500/2750 PARTIAL; RUGD-5L test (n=733), label resolution"
seg_cpu_test_hazard_to_stable_rate_delta_vs_smoke,0.0037,fraction,Tested,results/seg_cpu.json,"LR-ASPP CPU-trained on RUGD-5L (robust aug, repeat sampling), best @ iter 2500/2750 PARTIAL; RUGD-5L test (n=733), label resolution; ours minus SMOKE LR-ASPP (300 CPU iters, 800 RUGD-5L imgs) on the same 733 images"
seg_cpu_test_hazard_to_stable_rate_delta_vs_zeroshot,0.0036,fraction,Tested,results/seg_cpu.json,"LR-ASPP CPU-trained on RUGD-5L (robust aug, repeat sampling), best @ iter 2500/2750 PARTIAL; RUGD-5L test (n=733), label resolution; ours minus Zero-shot SegFormer-B0 (ADE20K -> 5 classes) on the same 733 images"
seg_cpu_test_iou_obstacle,0.864,fraction,Tested,results/seg_cpu.json,"LR-ASPP CPU-trained on RUGD-5L (robust aug, repeat sampling), best @ iter 2500/2750 PARTIAL; RUGD-5L test (n=733), label resolution"
seg_cpu_test_iou_sky,0.5878,fraction,Tested,results/seg_cpu.json,"LR-ASPP CPU-trained on RUGD-5L (robust aug, repeat sampling), best @ iter 2500/2750 PARTIAL; RUGD-5L test (n=733), label resolution"
seg_cpu_test_iou_stable,0.8555,fraction,Tested,results/seg_cpu.json,"LR-ASPP CPU-trained on RUGD-5L (robust aug, repeat sampling), best @ iter 2500/2750 PARTIAL; RUGD-5L test (n=733), label resolution"
seg_cpu_test_iou_unstable,0.9197,fraction,Tested,results/seg_cpu.json,"LR-ASPP CPU-trained on RUGD-5L (robust aug, repeat sampling), best @ iter 2500/2750 PARTIAL; RUGD-5L test (n=733), label resolution"
seg_cpu_test_iou_water,0.4108,fraction,Tested,results/seg_cpu.json,"LR-ASPP CPU-trained on RUGD-5L (robust aug, repeat sampling), best @ iter 2500/2750 PARTIAL; RUGD-5L test (n=733), label resolution"
seg_cpu_test_miou,0.7276,,Tested,results/seg_cpu.json,"LR-ASPP CPU-trained on RUGD-5L (robust aug, repeat sampling), best @ iter 2500/2750 PARTIAL"
seg_cpu_test_miou_delta_vs_smoke,0.0948,fraction,Tested,results/seg_cpu.json,"LR-ASPP CPU-trained on RUGD-5L (robust aug, repeat sampling), best @ iter 2500/2750 PARTIAL; RUGD-5L test (n=733), label resolution; ours minus SMOKE LR-ASPP (300 CPU iters, 800 RUGD-5L imgs) on the same 733 images"
seg_cpu_test_miou_delta_vs_zeroshot,0.1838,fraction,Tested,results/seg_cpu.json,"LR-ASPP CPU-trained on RUGD-5L (robust aug, repeat sampling), best @ iter 2500/2750 PARTIAL; RUGD-5L test (n=733), label resolution; ours minus Zero-shot SegFormer-B0 (ADE20K -> 5 classes) on the same 733 images"
seg_cpu_test_obstacle_to_stable_rate,0.0048,fraction,Tested,results/seg_cpu.json,"LR-ASPP CPU-trained on RUGD-5L (robust aug, repeat sampling), best @ iter 2500/2750 PARTIAL; RUGD-5L test (n=733), label resolution"
seg_cpu_test_pixel_acc,0.9269,,Tested,results/seg_cpu.json,"LR-ASPP CPU-trained on RUGD-5L (robust aug, repeat sampling), best @ iter 2500/2750 PARTIAL"
seg_cpu_test_water_to_stable_rate,0.0,fraction,Tested,results/seg_cpu.json,"LR-ASPP CPU-trained on RUGD-5L (robust aug, repeat sampling), best @ iter 2500/2750 PARTIAL; RUGD-5L test (n=733), label resolution"
seg_cpu_train_iters_at_best,2500,iterations,Tested,results/seg_cpu.json,"LR-ASPP CPU-trained on RUGD-5L (robust aug, repeat sampling), best @ iter 2500/2750 PARTIAL; batch 8, [256, 320] crops, laptop CPU (2 threads)"
seg_cpu_val_false_hazard_rate,0.049,fraction,Tested,results/seg_cpu.json,"LR-ASPP CPU-trained on RUGD-5L (robust aug, repeat sampling), best @ iter 2500/2750 PARTIAL; RUGD-5L val (n=1924), label resolution"
seg_cpu_val_false_safe_obstacle,0.1943,fraction,Tested,results/seg_cpu.json,"LR-ASPP CPU-trained on RUGD-5L (robust aug, repeat sampling), best @ iter 2500/2750 PARTIAL; RUGD-5L val (n=1924), label resolution"
seg_cpu_val_false_safe_rate,0.2047,,Tested,results/seg_cpu.json,"LR-ASPP CPU-trained on RUGD-5L (robust aug, repeat sampling), best @ iter 2500/2750 PARTIAL"
seg_cpu_val_false_safe_rate_delta_vs_smoke,-0.0681,fraction,Tested,results/seg_cpu.json,"LR-ASPP CPU-trained on RUGD-5L (robust aug, repeat sampling), best @ iter 2500/2750 PARTIAL; RUGD-5L val (n=1924), label resolution; ours minus SMOKE LR-ASPP (300 CPU iters, 800 RUGD-5L imgs) on the same 1924 images"
seg_cpu_val_false_safe_rate_delta_vs_zeroshot,0.0361,fraction,Tested,results/seg_cpu.json,"LR-ASPP CPU-trained on RUGD-5L (robust aug, repeat sampling), best @ iter 2500/2750 PARTIAL; RUGD-5L val (n=1924), label resolution; ours minus Zero-shot SegFormer-B0 (ADE20K -> 5 classes) on the same 1924 images"
seg_cpu_val_false_safe_water,0.8829,fraction,Tested,results/seg_cpu.json,"LR-ASPP CPU-trained on RUGD-5L (robust aug, repeat sampling), best @ iter 2500/2750 PARTIAL; RUGD-5L val (n=1924), label resolution"
seg_cpu_val_false_safe_water_delta_vs_smoke,-0.0589,fraction,Tested,results/seg_cpu.json,"LR-ASPP CPU-trained on RUGD-5L (robust aug, repeat sampling), best @ iter 2500/2750 PARTIAL; RUGD-5L val (n=1924), label resolution; ours minus SMOKE LR-ASPP (300 CPU iters, 800 RUGD-5L imgs) on the same 1924 images"
seg_cpu_val_false_safe_water_delta_vs_zeroshot,0.3162,fraction,Tested,results/seg_cpu.json,"LR-ASPP CPU-trained on RUGD-5L (robust aug, repeat sampling), best @ iter 2500/2750 PARTIAL; RUGD-5L val (n=1924), label resolution; ours minus Zero-shot SegFormer-B0 (ADE20K -> 5 classes) on the same 1924 images"
seg_cpu_val_hazard_to_stable_rate,0.0033,fraction,Tested,results/seg_cpu.json,"LR-ASPP CPU-trained on RUGD-5L (robust aug, repeat sampling), best @ iter 2500/2750 PARTIAL; RUGD-5L val (n=1924), label resolution"
seg_cpu_val_hazard_to_stable_rate_delta_vs_smoke,0.002,fraction,Tested,results/seg_cpu.json,"LR-ASPP CPU-trained on RUGD-5L (robust aug, repeat sampling), best @ iter 2500/2750 PARTIAL; RUGD-5L val (n=1924), label resolution; ours minus SMOKE LR-ASPP (300 CPU iters, 800 RUGD-5L imgs) on the same 1924 images"
seg_cpu_val_hazard_to_stable_rate_delta_vs_zeroshot,-0.0,fraction,Tested,results/seg_cpu.json,"LR-ASPP CPU-trained on RUGD-5L (robust aug, repeat sampling), best @ iter 2500/2750 PARTIAL; RUGD-5L val (n=1924), label resolution; ours minus Zero-shot SegFormer-B0 (ADE20K -> 5 classes) on the same 1924 images"
seg_cpu_val_iou_obstacle,0.7464,fraction,Tested,results/seg_cpu.json,"LR-ASPP CPU-trained on RUGD-5L (robust aug, repeat sampling), best @ iter 2500/2750 PARTIAL; RUGD-5L val (n=1924), label resolution"
seg_cpu_val_iou_sky,0.7211,fraction,Tested,results/seg_cpu.json,"LR-ASPP CPU-trained on RUGD-5L (robust aug, repeat sampling), best @ iter 2500/2750 PARTIAL; RUGD-5L val (n=1924), label resolution"
seg_cpu_val_iou_stable,0.7076,fraction,Tested,results/seg_cpu.json,"LR-ASPP CPU-trained on RUGD-5L (robust aug, repeat sampling), best @ iter 2500/2750 PARTIAL; RUGD-5L val (n=1924), label resolution"
seg_cpu_val_iou_unstable,0.6636,fraction,Tested,results/seg_cpu.json,"LR-ASPP CPU-trained on RUGD-5L (robust aug, repeat sampling), best @ iter 2500/2750 PARTIAL; RUGD-5L val (n=1924), label resolution"
seg_cpu_val_iou_water,0.0452,fraction,Tested,results/seg_cpu.json,"LR-ASPP CPU-trained on RUGD-5L (robust aug, repeat sampling), best @ iter 2500/2750 PARTIAL; RUGD-5L val (n=1924), label resolution"
seg_cpu_val_miou,0.5768,,Tested,results/seg_cpu.json,"LR-ASPP CPU-trained on RUGD-5L (robust aug, repeat sampling), best @ iter 2500/2750 PARTIAL"
seg_cpu_val_miou_delta_vs_smoke,0.0258,fraction,Tested,results/seg_cpu.json,"LR-ASPP CPU-trained on RUGD-5L (robust aug, repeat sampling), best @ iter 2500/2750 PARTIAL; RUGD-5L val (n=1924), label resolution; ours minus SMOKE LR-ASPP (300 CPU iters, 800 RUGD-5L imgs) on the same 1924 images"
seg_cpu_val_miou_delta_vs_zeroshot,0.0342,fraction,Tested,results/seg_cpu.json,"LR-ASPP CPU-trained on RUGD-5L (robust aug, repeat sampling), best @ iter 2500/2750 PARTIAL; RUGD-5L val (n=1924), label resolution; ours minus Zero-shot SegFormer-B0 (ADE20K -> 5 classes) on the same 1924 images"
seg_cpu_val_obstacle_to_stable_rate,0.0033,fraction,Tested,results/seg_cpu.json,"LR-ASPP CPU-trained on RUGD-5L (robust aug, repeat sampling), best @ iter 2500/2750 PARTIAL; RUGD-5L val (n=1924), label resolution"
seg_cpu_val_pixel_acc,0.8292,,Tested,results/seg_cpu.json,"LR-ASPP CPU-trained on RUGD-5L (robust aug, repeat sampling), best @ iter 2500/2750 PARTIAL"
seg_cpu_val_water_to_stable_rate,0.0,fraction,Tested,results/seg_cpu.json,"LR-ASPP CPU-trained on RUGD-5L (robust aug, repeat sampling), best @ iter 2500/2750 PARTIAL; RUGD-5L val (n=1924), label resolution"
seg_smoke_latency_threads_2_ms,31.1,,Tested,results/seg_smoke.json,Segmenter.__call__ median on this laptop
seg_smoke_latency_threads_4_ms,26.68,,Tested,results/seg_smoke.json,Segmenter.__call__ median on this laptop
seg_smoke_test_false_safe_rate,0.0434,,Tested,results/seg_smoke.json,"SMOKE LR-ASPP (300 CPU iters, 800 RUGD-5L imgs)"
seg_smoke_test_miou,0.6328,,Tested,results/seg_smoke.json,"SMOKE LR-ASPP (300 CPU iters, 800 RUGD-5L imgs)"
seg_smoke_test_pixel_acc,0.9216,,Tested,results/seg_smoke.json,"SMOKE LR-ASPP (300 CPU iters, 800 RUGD-5L imgs)"
seg_smoke_val_false_safe_rate,0.2728,,Tested,results/seg_smoke.json,"SMOKE LR-ASPP (300 CPU iters, 800 RUGD-5L imgs)"
seg_smoke_val_miou,0.551,,Tested,results/seg_smoke.json,"SMOKE LR-ASPP (300 CPU iters, 800 RUGD-5L imgs)"
seg_smoke_val_pixel_acc,0.7892,,Tested,results/seg_smoke.json,"SMOKE LR-ASPP (300 CPU iters, 800 RUGD-5L imgs)"
seg_zeroshot_latency_threads_2_ms,223.03,,Tested,results/seg_zeroshot.json,Segmenter.__call__ median on this laptop
seg_zeroshot_latency_threads_4_ms,118.4,,Tested,results/seg_zeroshot.json,Segmenter.__call__ median on this laptop
seg_zeroshot_test_false_safe_rate,0.0263,,Tested,results/seg_zeroshot.json,Zero-shot SegFormer-B0 (ADE20K -> 5 classes)
seg_zeroshot_test_miou,0.5437,,Tested,results/seg_zeroshot.json,Zero-shot SegFormer-B0 (ADE20K -> 5 classes)
seg_zeroshot_test_pixel_acc,0.8759,,Tested,results/seg_zeroshot.json,Zero-shot SegFormer-B0 (ADE20K -> 5 classes)
seg_zeroshot_val_false_safe_rate,0.1686,,Tested,results/seg_zeroshot.json,Zero-shot SegFormer-B0 (ADE20K -> 5 classes)
seg_zeroshot_val_miou,0.5426,,Tested,results/seg_zeroshot.json,Zero-shot SegFormer-B0 (ADE20K -> 5 classes)
seg_zeroshot_val_pixel_acc,0.8087,,Tested,results/seg_zeroshot.json,Zero-shot SegFormer-B0 (ADE20K -> 5 classes)
vo_sim_dev_median_drift_pct,0.62,%,Simulated,results/vo_sim_dev.json#summary.photometric.median_drift_pct,"VO-only end-point drift, median over 22 rendered DEV drives (1071 m)"
